log_file,task,phase,samples,duration_s,tip_target_error_mm_max,tip_target_error_mm_mean,tip_target_error_mm_final,entry_rcm_error_mm_max,entry_rcm_error_mm_mean,entry_rcm_error_mm_final,target_rcm_error_mm_max,target_rcm_error_mm_mean,target_rcm_error_mm_final,task2_entry_cone_error_mm_max,task2_entry_cone_error_mm_mean,task2_entry_cone_error_mm_final,task4_tip_cone_error_mm_max,task4_tip_cone_error_mm_mean,task4_tip_cone_error_mm_final,active_task_error_mm_max,active_task_error_mm_mean,active_task_error_mm_final,skull_violation_mm_max,skull_violation_mm_mean,skull_violation_mm_final,qdot_norm_rad_s_max,qdot_norm_rad_s_mean,qdot_norm_rad_s_final,lambda_max,lambda_mean,lambda_final,fps_max,fps_mean,fps_final
project4_multircm_20260716_121041_177.csv,T3_safe_insertion,ApproachEntry,20,1.0604,198.637,160.76875,198.637,175.274,98.9986,90.03,199.712,161.30374999999998,199.712,182.882,127.93469999999999,182.882,199.066,160.00330000000002,199.066,198.637,160.76875,198.637,0.0,0.0,0.0,0.66047,0.42520100000000005,0.13513,0.995,0.9950000000000001,0.995,175.22,101.83949999999999,109.93
project4_multircm_20260716_121041_177.csv,T3_safe_insertion,Done,95,5.384400000000003,5.824,1.3212947368421049,0.689,0.232,0.1254105263157895,0.085,111.722,111.72033684210523,111.722,10.131,8.767473684210525,8.714,15.05,13.326789473684212,13.135,5.824,1.3212947368421049,0.689,0.0,0.0,0.0,0.0706,0.01683926315789474,0.00691,0.62487,0.6072940000000001,0.60535,171.44,98.99831578947368,107.15
project4_multircm_20260716_121041_177.csv,T3_safe_insertion,InsertToTarget,180,10.238,115.312,62.01538888888889,6.457,4.97,0.2950944444444445,0.232,116.689,111.82755000000002,111.707,116.778,63.35253888888888,10.495,116.093,64.0488111111111,15.31,115.312,62.01538888888889,6.457,0.0,0.0,0.0,0.19561,0.07055872222222223,0.07019,0.995,0.8235522777777778,0.62719,179.71,98.10349999999998,96.05
project4_multircm_20260716_121041_177.csv,T3_safe_insertion,PierceEntry,112,6.1748,207.648,168.12480357142857,116.136,97.754,58.206044642857144,5.798,208.777,169.3512857142857,117.51,194.937,161.67785714285714,117.532,208.135,168.49964285714285,116.898,207.648,168.12480357142857,116.136,0.0,0.0,0.0,0.57443,0.19082651785714286,0.22139,0.995,0.9949999999999998,0.995,136.98,107.57321428571429,106.01
project4_multircm_20260716_121041_177.csv,T1_entry_rcm_tip_target,Done,75,4.263000000000002,0.659,0.5041866666666668,0.401,0.131,0.10863999999999997,0.087,111.723,111.72224,111.723,8.919,8.899320000000001,8.879,14.439,14.271213333333336,14.134,0.659,0.5041866666666668,0.401,0.0,0.0,0.0,0.00705,0.005602266666666666,0.00422,0.60533,0.6052142666666667,0.60521,176.05,100.06666666666666,91.62
project4_multircm_20260716_121041_177.csv,T2_target_rcm_entry_cone,Done,1382,77.5151,0.293,0.005550651230101304,0.006,110.316,110.31115918958032,110.315,1.443,1.415079594790159,1.41,13.781,5.763994934876989,13.78,14.084,13.801340810419683,13.797,13.781,5.763994934876989,13.78,0.0,0.0,0.0,0.17887,0.038371396526772794,0.05545,0.995,0.995,0.995,175.91,81.16828509406658,77.61
project4_multircm_20260716_121041_177.csv,T4_entry_rcm_tip_cone,Done,1266,70.41750000000002,15.041,13.017041074249606,10.248,4.352,0.33712875197472353,0.214,112.258,111.72439652448658,111.724,9.603,8.664612164296997,8.59,13.203,3.4441113744075826,9.927,13.203,3.4441113744075826,9.927,0.0,0.0,0.0,0.66969,0.0757963112164297,0.16415,0.607,0.6028215876777251,0.60364,138.66,76.69801737756714,89.73
project4_multircm_20260716_121359_711.csv,T3_safe_insertion,ApproachEntry,20,1.047,198.018,159.9251,198.018,175.274,99.6952,89.505,199.091,160.4427,199.091,182.132,126.61145000000002,182.132,198.442,159.12285,198.442,198.018,159.9251,198.018,0.0,0.0,0.0,0.66047,0.4318995,0.13746,0.995,0.9950000000000001,0.995,124.79,99.44200000000001,111.17
project4_multircm_20260716_121359_711.csv,T3_safe_insertion,Done,55,3.397100000000002,5.793,1.6869818181818181,0.859,0.232,0.14476363636363637,0.105,111.722,111.71921818181815,111.722,10.118,8.809654545454546,8.71,15.104,13.517654545454544,13.099,5.793,1.6869818181818181,0.859,0.0,0.0,0.0,0.07026,0.022632181818181822,0.00894,0.62476,0.6086536363636365,0.60551,66.83,48.136909090909086,47.25
project4_multircm_20260716_121359_711.csv,T3_safe_insertion,InsertToTarget,174,9.906500000000001,114.992,61.6853908045977,6.429,4.647,0.2883620689655173,0.232,116.37,111.82010344827589,111.707,116.496,63.0191724137931,10.484,115.786,63.738431034482765,15.364,114.992,61.6853908045977,6.429,0.0,0.0,0.0,0.18302,0.07017724137931035,0.06995,0.995,0.8224163793103446,0.62709,168.66,72.50862068965517,57.25
project4_multircm_20260716_121359_711.csv,T3_safe_insertion,PierceEntry,113,6.2075000000000005,207.603,167.88115044247786,115.826,97.718,57.96441592920354,5.492,208.73,169.1080265486726,117.2,194.885,161.4494867256637,117.214,208.095,168.25967256637168,116.586,207.603,167.88115044247786,115.826,0.0,0.0,0.0,0.52476,0.18927115044247786,0.22015,0.995,0.9949999999999998,0.995,149.72,107.53424778761061,108.25
project4_multircm_20260716_121359_711.csv,T1_entry_rcm_tip_target,Done,104,6.114699999999999,0.836,0.5592211538461539,0.403,0.161,0.12042307692307694,0.088,111.723,111.72221153846152,111.723,8.95,8.91075,8.874,14.618,14.298990384615383,14.079,0.836,0.5592211538461539,0.403,0.0,0.0,0.0,0.00912,0.006361923076923076,0.00426,0.60548,0.6052180769230768,0.60521,65.04,50.744807692307695,62.75
project4_multircm_20260716_121359_711.csv,T2_target_rcm_entry_cone,Done,1174,67.16039999999998,0.347,0.006005962521294719,0.001,110.316,110.31048551959115,110.314,1.454,1.4156831345826235,1.414,13.612,5.016419931856899,5.72,14.137,13.801643952299827,13.8,13.612,5.016419931856899,5.72,0.0,0.0,0.0,0.18058,0.04128295570698467,0.01803,0.995,0.9949999999999999,0.995,154.69,73.60313458262351,63.65
project4_multircm_20260716_121359_711.csv,T4_entry_rcm_tip_cone,Done,1330,78.513,15.04,12.12414060150376,3.376,7.217,0.3448706766917293,0.957,112.168,111.72471203007521,111.737,14.363,8.702660902255639,9.31,14.344,4.385487969924813,11.175,14.344,4.385487969924813,11.175,0.0,0.0,0.0,1.55069,0.09031676691729325,0.14889,0.60861,0.6030465563909775,0.60526,136.66,73.55187969924812,22.78
project4_multircm_20260716_121705_730.csv,T3_safe_insertion,ApproachEntry,19,1.0118,196.294,158.95331578947366,196.294,175.274,99.93052631578948,88.064,197.359,159.456,197.359,180.032,125.217,180.032,196.7,158.11936842105263,196.7,196.294,158.95331578947366,196.294,0.0,0.0,0.0,0.66047,0.44000999999999996,0.14608,0.995,0.9950000000000001,0.995,225.12,103.45263157894738,74.48
project4_multircm_20260716_121705_730.csv,T3_safe_insertion,Done,61,3.5473,5.483,1.5493606557377047,0.835,0.231,0.1405409836065574,0.103,111.722,111.71963934426225,111.722,9.95,8.782049180327869,8.71,14.973,13.45622950819672,13.096,5.483,1.5493606557377047,0.835,0.0,0.0,0.0,0.06849,0.02097934426229508,0.0087,0.62361,0.607958524590164,0.60524,61.85,51.48557377049181,47.96
project4_multircm_20260716_121705_730.csv,T3_safe_insertion,InsertToTarget,175,10.0522,115.505,61.289371428571435,6.083,5.168,0.3131142857142858,0.232,116.881,111.84566857142856,111.707,116.924,62.63052571428571,10.281,116.275,63.3691257142857,15.209,115.505,61.289371428571435,6.083,0.0,0.0,0.0,0.20733,0.07030914285714286,0.06999,0.995,0.8209310285714286,0.62583,111.53,62.29685714285715,50.14
project4_multircm_20260716_121705_730.csv,T3_safe_insertion,PierceEntry,114,6.210100000000001,207.585,168.1172631578947,116.279,97.691,58.20535964912281,5.939,208.714,169.34314035087718,117.653,194.868,161.62536842105268,117.669,208.078,168.49992105263155,117.042,207.585,168.1172631578947,116.279,0.0,0.0,0.0,0.59106,0.19087070175438597,0.22278,0.995,0.9949999999999998,0.995,143.24,105.77622807017543,97.2
project4_multircm_20260716_121705_730.csv,T1_entry_rcm_tip_target,Done,114,6.634699999999999,0.812,0.542359649122807,0.376,0.158,0.11693859649122809,0.082,111.723,111.7222894736842,111.723,8.946,8.906736842105262,8.866,14.596,14.280508771929828,14.044,0.812,0.542359649122807,0.376,0.0,0.0,0.0,0.00882,0.006130438596491227,0.00389,0.60524,0.6052053508771928,0.60521,93.85,57.4559649122807,69.83
project4_multircm_20260716_121705_730.csv,T2_target_rcm_entry_cone,Done,1457,82.1235,0.266,0.005637611530542211,0.009,110.316,110.31124982841456,110.311,1.439,1.4148833218943035,1.414,13.764,6.082283459162664,8.089,14.058,13.800886753603294,13.791,13.764,6.082283459162664,8.089,0.0,0.0,0.0,0.17884,0.042538119423472895,0.14075,0.995,0.9949999999999998,0.995,158.27,86.18679478380234,78.89
project4_multircm_20260716_121705_730.csv,T4_entry_rcm_tip_cone,Done,1137,64.0202,15.041,13.02401671064204,13.447,2.451,0.34383641160949857,0.123,111.93,111.72460158311345,111.727,9.281,8.678578715919086,8.778,11.261,3.1479182058047495,1.604,11.261,3.1479182058047495,1.604,0.0,0.0,0.0,0.45507,0.07117221635883905,0.05833,0.60587,0.6027251187335092,0.60258,232.83,81.54620052770449,26.75
project4_multircm_20260716_122044_088.csv,T3_safe_insertion,ApproachEntry,20,1.0514,197.602,160.26655,197.602,178.501,100.1748,89.155,198.672,160.78095,198.672,181.625,127.047,181.625,198.021,159.46240000000003,198.021,197.602,160.26655,197.602,0.0,0.0,0.0,0.6644,0.4316455,0.13906,0.995,0.9950000000000001,0.995,169.63,103.30050000000001,111.25
project4_multircm_20260716_122044_088.csv,T3_safe_insertion,Done,56,3.3432999999999993,5.788,1.6719107142857141,0.866,0.232,0.14439285714285716,0.106,111.722,111.719375,111.722,10.115,8.807749999999999,8.709,15.101,13.510232142857143,13.099,5.788,1.6719107142857141,0.866,0.0,0.0,0.0,0.07027,0.02239642857142857,0.00903,0.62474,0.6085733928571428,0.6055,57.51,48.81910714285714,33.97
project4_multircm_20260716_122044_088.csv,T3_safe_insertion,InsertToTarget,171,9.9552,115.608,62.06228070175438,6.415,5.271,0.3263625730994152,0.232,116.983,111.85915204678363,111.707,117.021,63.396157894736845,10.476,116.375,64.09874853801169,15.357,115.608,62.06228070175438,6.415,0.0,0.0,0.0,0.20873,0.07087257309941522,0.0698,0.995,0.8236147953216373,0.62704,113.99,58.450877192982446,46.48
project4_multircm_20260716_122044_088.csv,T3_safe_insertion,PierceEntry,113,6.207,207.573,168.93174336283184,116.339,97.68,59.0192389380531,5.999,208.702,170.15576991150445,117.713,194.851,162.3157610619469,117.731,208.067,169.31218584070794,117.103,207.573,168.93174336283184,116.339,0.0,0.0,0.0,0.52345,0.1867753982300885,0.22326,0.995,0.9949999999999998,0.995,160.12,98.42389380530973,17.14
project4_multircm_20260716_122044_088.csv,T1_entry_rcm_tip_target,Done,230,12.976299999999998,0.827,0.42211304347826084,0.224,0.163,0.09149565217391306,0.049,111.723,111.72255652173912,111.723,8.952,8.86944347826087,8.799,14.61,14.095295652173913,13.8,0.827,0.42211304347826084,0.224,0.0,0.0,0.0,0.00922,0.004505608695652173,0.0018,0.60545,0.6052199130434784,0.60523,112.92,66.76595652173913,89.65
project4_multircm_20260716_122044_088.csv,T2_target_rcm_entry_cone,Done,1105,61.4884,0.205,0.005990045248868779,0.002,110.316,110.31021538461539,110.31,1.433,1.4157610859728504,1.417,13.625,5.070914027149322,0.917,14.002,13.80147601809955,13.8,13.625,5.070914027149322,0.917,0.0,0.0,0.0,0.18347,0.04338880542986426,0.01303,0.995,0.9949999999999999,0.995,169.41,75.5078552036199,79.25
project4_multircm_20260716_122044_088.csv,T4_entry_rcm_tip_cone,Done,1057,58.04110000000003,15.041,12.966340586565751,13.462,5.143,0.35579943235572375,0.543,112.035,111.72500378429517,111.716,12.169,8.682014191106905,8.287,13.448,3.1993661305581838,5.077,13.448,3.1993661305581838,5.077,0.0,0.0,0.0,1.51019,0.07072011352885525,0.15098,0.60793,0.6026986187322612,0.60467,139.53,72.8633774834437,27.84
project4_multircm_20260716_122333_600.csv,T3_safe_insertion,ApproachEntry,20,1.0503,198.176,160.26719999999997,198.176,175.274,99.15200000000002,89.639,199.248,160.7947,199.248,182.322,127.20375000000001,182.322,198.6,159.48495000000003,198.6,198.176,160.26719999999997,198.176,0.0,0.0,0.0,0.66047,0.4291064999999999,0.13659,0.995,0.9950000000000001,0.995,144.19,100.7825,98.2
project4_multircm_20260716_122333_600.csv,T3_safe_insertion,Done,50,3.014900000000001,5.871,1.7932600000000003,0.914,0.232,0.1506,0.112,111.722,111.71883999999999,111.722,10.158,8.81766,8.704,15.091,13.533220000000002,13.09,5.871,1.7932600000000003,0.914,0.0,0.0,0.0,0.07008,0.0248442,0.00981,0.62504,0.6089266,0.60532,61.76,35.4102,30.8
project4_multircm_20260716_122333_600.csv,T3_safe_insertion,InsertToTarget,169,10.151800000000001,115.2,61.872816568047334,6.432,4.856,0.3113786982248521,0.232,116.577,111.84323076923077,111.707,116.685,63.22610059171597,10.482,115.989,63.952319526627214,15.322,115.2,61.872816568047334,6.432,0.0,0.0,0.0,0.1902,0.0708350295857988,0.06985,0.995,0.8229921893491124,0.6271,91.5,49.45727810650888,40.86
project4_multircm_20260716_122333_600.csv,T3_safe_insertion,PierceEntry,113,6.197699999999999,207.621,168.03642477876107,115.919,97.735,58.1191238938053,5.584,208.749,169.2629292035398,117.294,194.9,161.58114159292037,117.307,208.113,168.4144424778761,116.68,207.621,168.03642477876107,115.919,0.0,0.0,0.0,0.54537,0.18966654867256635,0.22057,0.995,0.9949999999999998,0.995,138.18,101.18274336283186,76.67
project4_multircm_20260716_122333_600.csv,T1_entry_rcm_tip_target,Done,126,7.651700000000002,0.886,0.5582698412698414,0.365,0.171,0.12032539682539684,0.08,111.723,111.72221428571426,111.723,8.96,8.908841269841268,8.858,14.676,14.280420634920636,14.002,0.886,0.5582698412698414,0.365,0.0,0.0,0.0,0.00984,0.006358650793650794,0.00373,0.6053,0.6052100793650792,0.60521,65.69,44.18436507936509,59.13
project4_multircm_20260716_122333_600.csv,T2_target_rcm_entry_cone,Done,1376,80.2009,0.315,0.005699127906976745,0.007,110.316,110.3111773255814,110.313,1.448,1.4149920058139536,1.412,13.767,5.961867005813954,12.162,14.106,13.801260901162793,13.794,13.767,5.961867005813954,12.162,0.0,0.0,0.0,0.18089,0.03996416424418605,0.12031,0.995,0.9949999999999999,0.995,157.15,76.46487645348839,84.97
project4_multircm_20260716_122333_600.csv,T4_entry_rcm_tip_cone,Done,1021,58.9066,15.042,12.990448579823703,13.368,2.403,0.34963467189030367,0.456,111.942,111.7247610186092,111.721,9.08,8.67505876591577,8.399,11.606,3.1774417238001957,4.659,11.606,3.1774417238001957,4.659,0.0,0.0,0.0,0.27198,0.06884739471106759,0.14336,0.60588,0.6026944955925564,0.60422,147.18,80.41268364348679,3.84
