task,phase,metric,unit,n_samples,mean,rms,std,median,p95,max,final,threshold,pass_fail,note,source_log
T3_safe_insertion,ApproachEntry,tip_line_distance_mm,mm,19,94.9613,98.1113,24.6612,85.651,142.7211,150.012,87.898,--,--,Geometric diagnostic (distance of the tip from the entry-target line); no RCM task active yet.,RCM_logs/project4_multircm_20260714_193548_422.csv
T3_safe_insertion,ApproachEntry,tool_axis_angle_deg,deg,19,32.2799,32.305,1.2745,32.954,33.3206,33.326,33.251,--,--,Angle between tool axis and the nominal entry-target line.,RCM_logs/project4_multircm_20260714_193548_422.csv
T3_safe_insertion,PierceEntry,tip_line_distance_mm,mm,117,56.8764,63.9376,29.2076,59.307,96.048,96.75,4.39,--,--,,RCM_logs/project4_multircm_20260714_193548_422.csv
T3_safe_insertion,PierceEntry,tool_axis_angle_deg,deg,117,25.8551,26.494,5.7834,27.296,32.8608,33.218,13.452,--,--,,RCM_logs/project4_multircm_20260714_193548_422.csv
T3_safe_insertion,InsertToTarget (full phase),entry_rcm_error_mm,mm,180,0.3049,0.6794,0.6071,0.204,0.3836,4.837,0.232,--,--,Includes the transient right after the PierceEntry->InsertToTarget switch (RCM task just engaged).,RCM_logs/project4_multircm_20260714_193548_422.csv
T3_safe_insertion,"InsertToTarget (settled, t>=1s)",entry_rcm_error_mm,mm,160,0.1794,0.1883,0.0571,0.194,0.235,0.237,0.232,2.0,PASS,"Excludes first 1 s after phase entry (mode-switch transient), per analyze_rcm_logs_clean.py convention.",RCM_logs/project4_multircm_20260714_193548_422.csv
T3_safe_insertion,Done (full phase),entry_rcm_error_mm,mm,174,0.1016,0.1089,0.0391,0.091,0.1867,0.231,0.058,--,--,,RCM_logs/project4_multircm_20260714_193548_422.csv
T3_safe_insertion,"Done (settled, t>=1s)",entry_rcm_error_mm,mm,155,0.091,0.0942,0.0245,0.086,0.1373,0.151,0.058,2.0,PASS,,RCM_logs/project4_multircm_20260714_193548_422.csv
T3_safe_insertion,Done (full phase),tip_target_error_mm,mm,174,0.992,1.2882,0.8218,0.7365,2.6689,5.575,0.467,--,--,Final needle-tip-to-target accuracy; 'final' column = last logged sample of the run in this phase.,RCM_logs/project4_multircm_20260714_193548_422.csv
T3_safe_insertion,"Done (settled, t>=1s)",tip_target_error_mm,mm,155,0.7521,0.7868,0.2313,0.697,1.2145,1.498,0.467,3.0,PASS,,RCM_logs/project4_multircm_20260714_193548_422.csv
T3_safe_insertion,InsertToTarget+Done,shaft_line_max_distance_mm,mm,354,202.8607,206.4697,38.4349,178.637,276.9443,286.268,171.325,--,--,Maximum distance of any sampled point on the shaft from the entry-target line (corridor diagnostic).,RCM_logs/project4_multircm_20260714_193548_422.csv
T3_safe_insertion,InsertToTarget+Done,tool_axis_angle_deg,deg,354,2.5599,4.2273,3.3641,1.0825,10.6288,13.162,0.268,--,--,,RCM_logs/project4_multircm_20260714_193548_422.csv
T3_safe_insertion,all phases,skull_violation_mm,mm,490,0.0,0.0,0.0,0.0,0.0,0.0,0.0,0.0,PASS,"Skull avoidance is disabled in Project4SceneBuilder (useSkullAvoidance=false, no skull object); this channel is identically zero and is NOT evidence of collision safety.",RCM_logs/project4_multircm_20260714_193548_422.csv
T2_target_rcm_entry_cone,Done (full task),task2_entry_cone_error_mm,mm,1097,4.9558,6.1312,3.6099,4.174,13.1714,13.665,2.428,--,--,Tracking error of the entry-side point vs. the commanded rotating cone reference (active control error).,RCM_logs/project4_multircm_20260714_193548_422.csv
T2_target_rcm_entry_cone,"Done (settled, t>=1s)",task2_entry_cone_error_mm,mm,1078,4.9113,6.1038,3.6243,4.1415,13.1974,13.665,2.428,--,--,,RCM_logs/project4_multircm_20260714_193548_422.csv
T2_target_rcm_entry_cone,Done (full task),tip_target_error_mm,mm,1097,0.006,0.0122,0.0106,0.006,0.008,0.26,0.001,--,--,Tip-to-target distance; tip is the primary regulated task in Task 2.,RCM_logs/project4_multircm_20260714_193548_422.csv
T2_target_rcm_entry_cone,"Done (settled, t>=1s)",tip_target_error_mm,mm,1078,0.0053,0.0058,0.0024,0.006,0.008,0.009,0.001,3.0,PASS,,RCM_logs/project4_multircm_20260714_193548_422.csv
T2_target_rcm_entry_cone,Done (full task),target_rcm_error_mm,mm,1097,1.4158,1.4158,0.0026,1.417,1.418,1.439,1.416,--,--,"Diagnostic only: no explicit RCM->target task exists in Task 2 (removed, see BuildTasks() comment); this tracks lambda~1 placing RCM near the tip, so it largely mirrors tip_target_error_mm.",RCM_logs/project4_multircm_20260714_193548_422.csv
T4_entry_rcm_tip_cone,Done (full task),entry_rcm_error_mm,mm,1038,0.3554,0.4412,0.2615,0.278,0.8141,3.842,0.179,--,--,,RCM_logs/project4_multircm_20260714_193548_422.csv
T4_entry_rcm_tip_cone,"Done (settled, t>=1s)",entry_rcm_error_mm,mm,1021,0.3527,0.4246,0.2364,0.279,0.814,0.834,0.179,2.0,PASS,,RCM_logs/project4_multircm_20260714_193548_422.csv
T4_entry_rcm_tip_cone,Done (full task),task4_tip_cone_error_mm,mm,1038,3.2364,3.7468,1.888,2.6795,6.8975,13.633,2.162,--,--,Tracking error of the tip vs. the commanded rotating cone reference around the target (active control error).,RCM_logs/project4_multircm_20260714_193548_422.csv
T4_entry_rcm_tip_cone,"Done (settled, t>=1s)",task4_tip_cone_error_mm,mm,1021,3.1937,3.6742,1.8165,2.659,6.883,7.109,2.162,--,--,,RCM_logs/project4_multircm_20260714_193548_422.csv
T4_entry_rcm_tip_cone,Done (full task),tip_target_error_mm,mm,1038,13.0305,13.1339,1.6455,13.513,14.9791,15.041,13.337,--,--,"NOT an error: the tip deliberately traces a circle of commanded radius tipTargetConeRadius=13.8 mm around the target; this column reports that radius as tracked, not a regulation error.",RCM_logs/project4_multircm_20260714_193548_422.csv
T1_entry_rcm_tip_target,Done (full task),entry_rcm_error_mm,mm,71,0.076,0.0764,0.0075,0.076,0.088,0.088,0.064,--,--,"Short (~3.9 s) manually triggered segment; dominated by the transition transient, not steady state.",RCM_logs/project4_multircm_20260714_193548_422.csv
T1_entry_rcm_tip_target,Done (full task),tip_target_error_mm,mm,71,0.3526,0.3548,0.0394,0.349,0.4185,0.448,0.293,--,--,,RCM_logs/project4_multircm_20260714_193548_422.csv
ALL,whole run,qdot_norm_rad_s,rad/s,2696,0.0627,0.0913,0.0663,0.0504,0.1615,1.25,0.076,--,--,Norm of the commanded (post-saturation) joint-velocity vector.,RCM_logs/project4_multircm_20260714_193548_422.csv
ALL,whole run,lambda,-,2696,0.7972,0.8199,0.1915,0.7698,0.995,0.995,0.6029,--,--,"Penetration coordinate along the tool axis (dimensionless, 0=tool base, 1=tip).",RCM_logs/project4_multircm_20260714_193548_422.csv
ALL,whole run,lambdadot,1/s,2696,0.0019,0.0465,0.0464,0.0,0.0004,0.55,-0.0002,--,--,Commanded rate of change of lambda (post-saturation).,RCM_logs/project4_multircm_20260714_193548_422.csv
ALL,whole run,fps,Hz,2696,58.3683,63.6909,25.4887,54.64,108.15,213.04,8.78,--,--,Unity editor frame rate during logging; NOT a real-time/hardware guarantee.,RCM_logs/project4_multircm_20260714_193548_422.csv
